Designator,Value,Footprint,Qty,LCSC,MPN,Assembly,DNP
C1,100uF 25V,rig:CP_Radial_D6.3mm_P2.50mm,1,,"100 uF 25 V or 35 V electrolytic, 6.3 mm, 2.5 mm pitch",hand,
C2,100nF,rig:C_0805_2012Metric,1,C49678,YAGEO CC0805KRX7R9BB104,JLC,
C3,1nF,rig:C_0805_2012Metric,1,C46653,Samsung CL21B102KBCNNNC,JLC,DNP
D1,SS34,rig:D_SMA,1,C8678,MDD SS34,JLC,
D2,SMAJ15A,rig:D_SMA,1,C113958,MDD SMAJ15A,JLC,
D3,green,rig:LED_0805_2012Metric,1,C2297,Hubei KENTO KT-0805G,JLC,
F1,500mA,rig:Fuse_1812_4532Metric,1,C492015,PTTC SMD1812P050TF/30,JLC,
J1,12V 5.5x2.1,rig:BarrelJack_Horizontal,1,,"DC-005 style 5.5 x 2.1 mm jack, 3 pins",hand,
J2,12V,"rig:TerminalBlock_Phoenix_MKDS-1,5-2-5.08_1x02_P5.08mm_Horizontal",1,,"2-pin screw terminal, 5.08 mm (KF301-5.08 or Phoenix MKDS 1,5/2-5,08)",hand,
J3,NEMA 8,rig:JST_XH_B4B-XH-A_1x04_P2.50mm_Vertical,1,C144395,JST B4B-XH-A(LF)(SN),hand,
J4,A3144,rig:JST_XH_B3B-XH-A_1x03_P2.50mm_Vertical,1,C144394,JST B3B-XH-A(LF)(SN),hand,
J5,Jetson,rig:PinHeader_1x03_P2.54mm_Vertical,1,,"1x3 pin header, 2.54 mm",hand,
"R1,R2",10k,rig:R_0805_2012Metric,2,C17414,UNI-ROYAL 0805W8F1002T5E,JLC,
"R3,R4",1k,rig:R_0805_2012Metric,2,C17513,UNI-ROYAL 0805W8F1001T5E,JLC,
"R5,R6",220,rig:R_0805_2012Metric,2,C17557,UNI-ROYAL 0805W8F2200T5E,JLC,
R7,4.7k,rig:R_0805_2012Metric,1,C17673,UNI-ROYAL 0805W8F4701T5E,JLC,
U1,ESP32-DevKitC (38-pin),rig:ESP32-DevKitC_Socket,1,,"2x female header 1x19, 2.54 mm (ESP32-DevKitC plugs in)",hand,
U2,BTT TMC2209 V1.3,rig:StepStick_Socket_BTT_TMC2209,1,,"2x female header 1x8, 2.54 mm (driver plugs in)",hand,
