Designator,Mid X,Mid Y,Layer,Rotation
C2,161.750000mm,-103.600000mm,Top,0.000000
D1,166.500000mm,-114.000000mm,Top,0.000000
D2,169.000000mm,-103.600000mm,Top,0.000000
D3,152.500000mm,-103.600000mm,Top,0.000000
F1,174.000000mm,-114.000000mm,Top,180.000000
R1,136.400000mm,-128.852000mm,Top,90.000000
R2,149.530000mm,-138.500000mm,Top,90.000000
R3,117.000000mm,-126.312000mm,Top,90.000000
R4,143.180000mm,-138.500000mm,Top,90.000000
R5,108.250000mm,-133.020000mm,Top,0.000000
R6,108.250000mm,-135.560000mm,Top,0.000000
R7,156.500000mm,-103.600000mm,Top,0.000000
